ID,Species,Parvorder,Family,Genus,Locomotion,Loc 6,Group,Group2,TipLabelsAlouatta seniculus,AloSen,Platyrrhini,Atelidae,Alo,Qua NWMsusp,Qua NWMsusp,NWM,NWM,Alouatta seniculusAteles geoffroyi,AteGeo,Platyrrhini,Atelidae,Ate,Qua NWMsusp,Qua NWMsusp,NWM,NWM,Ateles geoffroyiAteles paniscus,AtePan,Platyrrhini,Atelidae,Ate,Qua NWMsusp,Qua NWMsusp,NWM,NWM,Ateles paniscusCebus apella,CebApe,Platyrrhini,Cebidae,Ceb,Qua NWMsusp,Qua NWMsusp,NWM,NWM,Cebus apellaCebus capucinus,CebCap,Platyrrhini,Cebidae,Ceb,Qua NWMsusp,Qua NWMsusp,NWM,NWM,Cebus capucinusCercopithecus ascanius,CerAsc,Catarrhini,Cercopithecidae,Cer,Qua Aboreal,Qua Aboreal,OWM,OWM,Cercopithecus ascaniusCercopithecus cephus,CerCep,Catarrhini,Cercopithecidae,Cer,Qua Aboreal,Qua Aboreal,OWM,OWM,Cercopithecus cephusCercocebus galeritus,CerGal,Catarrhini,Cercopithecidae,Cer,Qua Aboreal,Qua Aboreal,OWM,OWM,Cercocebus galeritusCercopithecus hamlyni,CerHam,Catarrhini,Cercopithecidae,Cer,Qua Aboreal,Qua Aboreal,OWM,OWM,Cercopithecus hamlyniCercopithecus lhoesti,CerLho,Catarrhini,Cercopithecidae,Cer,Qua Aboreal,Qua Aboreal,OWM,OWM,Cercopithecus lhoestiCercopithecus mitis,CerMit,Catarrhini,Cercopithecidae,Cer,Qua Aboreal,Qua Aboreal,OWM,OWM,Cercopithecus mitisCercopithecus mona,CerMon,Catarrhini,Cercopithecidae,Cer,Qua Aboreal,Qua Aboreal,OWM,OWM,Cercopithecus monaCercopithecus neglectus,CerNeg,Catarrhini,Cercopithecidae,Cer,Qua Aboreal,Qua Aboreal,OWM,OWM,Cercopithecus neglectusCercopithecus nictitans,CerNic,Catarrhini,Cercopithecidae,Cer,Qua Aboreal,Qua Aboreal,OWM,OWM,Cercopithecus nictitansChlorocebus aethiops,ChlAet,Catarrhini,Cercopithecidae,Chl,Qua Terrestrial,Qua Terrestrial,OWM,OWM,Chlorocebus aethiopsColobus guereza,ColGue,Catarrhini,Cercopithecidae,Col,Qua OWMsusp,Qua OWMsusp,OWM,OWM,Colobus guerezaColobus polykomos,ColPol,Catarrhini,Cercopithecidae,Col,Qua OWMsusp,Qua OWMsusp,OWM,OWM,Colobus polykomosDaubentonia madagascariensis,DauMag,Strepsirrhini,Daubentoniidae,Dau,Vert Cl&Leaping,Vert Cl&Leaping,LEM,LEM+LOR,Daubentonia madagascariensisErythrocebus patas,EryPat,Catarrhini,Cercopithecidae,Ery,Qua Terrestrial,Qua Terrestrial,OWM,OWM,Erythrocebus patasEulemur fulvus,EulFul,Strepsirrhini,Lemuridae,Eul,Vert Cl&Leaping,Vert Cl&Leaping,LEM,LEM+LOR,Eulemur fulvusGorilla beringei,GorBer,Catarrhini,Hominidae,Gor,Bra Mod,Bra,HOM,HOM,Gorilla beringeiGorilla gorilla,GorGor,Catarrhini,Hominidae,Gor,Bra Mod,Bra,HOM,HOM,Gorilla gorillaHylobates lar,HylLar,Catarrhini,Hylobatidae,Hyl,Bra True,Bra,HOM,HOM,Hylobates larIndri indri,IndInd,Strepsirrhini,Indiriidae,Ind,Vert Cl&Leaping,Vert Cl&Leaping,LEM,LEM+LOR,Indri indriLagothrix lagotricha,LagLag,Platyrrhini,Atelidae,Lag,Qua NWMsusp,Qua NWMsusp,NWM,NWM,Lagothrix lagotrichaLemur catta,LemCat,Strepsirrhini,Lemuridae,Lem,Vert Cl&Leaping,Vert Cl&Leaping,LEM,LEM+LOR,Lemur cattaLophocebus albigena,LopAlb,Catarrhini,Cercopithecidae,Lop,Qua Terrestrial,Qua Terrestrial,OWM,OWM,Lophocebus albigenaLophocebus aterrimus,LopAte,Catarrhini,Cercopithecidae,Lop,Qua Terrestrial,Qua Terrestrial,OWM,OWM,Lophocebus aterrimusMacaca fascicularis,MacFas,Catarrhini,Cercopithecidae,Mac,Qua Terrestrial,Qua Terrestrial,OWM,OWM,Macaca fascicularisMacaca maura,MacMau,Catarrhini,Cercopithecidae,Mac,Qua Terrestrial,Qua Terrestrial,OWM,OWM,Macaca mauraMacaca mulatta,MacMul,Catarrhini,Cercopithecidae,Mac,Qua Terrestrial,Qua Terrestrial,OWM,OWM,Macaca mulattaMacaca nemestrina,MacNem,Catarrhini,Cercopithecidae,Mac,Qua Terrestrial,Qua Terrestrial,OWM,OWM,Macaca nemestrinaMandrillus sphinx,ManSph,Catarrhini,Cercopithecidae,Man,Qua Terrestrial,Qua Terrestrial,OWM,OWM,Mandrillus sphinxNycticebus coucang,NycCou,Strepsirrhini,Lorsidae,Nyc,Qua Slow,Qua Slow,LOR,LEM+LOR,Nycticebus coucangOtolemur crassicaudatus,OtoCra,Strepsirrhini,Galagidea,Oto,Vert Cl&Leaping,Vert Cl&Leaping,LOR,LEM+LOR,Otolemur crassicaudatusPan paniscus,PanPan,Catarrhini,Hominidae,Pan,Bra Mod,Bra,HOM,HOM,Pan paniscusPan troglodytes,PanTro,Catarrhini,Hominidae,Pan,Bra Mod,Bra,HOM,HOM,Pan troglodytesPapio anubis,PapAnu,Catarrhini,Cercopithecidae,Pap,Qua Terrestrial,Qua Terrestrial,OWM,OWM,Papio anubisPapio cynocephalus,PapCyn,Catarrhini,Cercopithecidae,Pap,Qua Terrestrial,Qua Terrestrial,OWM,OWM,Papio cynocephalusPapio hamadryas,PapHam,Catarrhini,Cercopithecidae,Pap,Qua Terrestrial,Qua Terrestrial,OWM,OWM,Papio hamadryasPiliocolobus badius,PilBad,Catarrhini,Cercopithecidae,Pil,Qua OWMsusp,Qua OWMsusp,OWM,OWM,Piliocolobus badiusPiliocolobus kirkii,PilKir,Catarrhini,Cercopithecidae,Pil,Qua OWMsusp,Qua OWMsusp,OWM,OWM,Piliocolobus kirkiiPongo pygmaeus,PonPyg,Catarrhini,Hominidae,Pon,Bra Mod,Bra,HOM,HOM,Pongo pygmaeusPresbytis comata,PreCom,Catarrhini,Cercopithecidae,Pre,Qua OWMsusp,Qua OWMsusp,OWM,OWM,Presbytis comataPygathrix nemaeus,PygNem,Catarrhini,Cercopithecidae,Pyg,Qua OWMsusp,Qua OWMsusp,OWM,OWM,Pygathrix nemaeusSemnopithecus entellus,SemEnt,Catarrhini,Cercopithecidae,Sem,Qua Terrestrial,Qua Terrestrial,OWM,OWM,Semnopithecus entellusSymphalangus syndactylus,SymSyn,Catarrhini,Hylobatidae,Sym,Bra True,Bra,HOM,HOM,Symphalangus syndactylusTheropithecus gelada,TheGel,Catarrhini,Cercopithecidae,The,Qua Terrestrial,Qua Terrestrial,OWM,OWM,Theropithecus geladaVarecia variegata,VarVar,Strepsirrhini,Lemuridae,Var,Vert Cl&Leaping,Vert Cl&Leaping,LEM,LEM+LOR,Varecia variegata